{"icons":[{"unicode":"f333","className":"dashicons-menu"},{"unicode":"f319","className":"dashicons-admin-site"},{"unicode":"f226","className":"dashicons-dashboard"},{"unicode":"f109","className":"dashicons-admin-post"},{"unicode":"f104","className":"dashicons-admin-media"},{"unicode":"f103","className":"dashicons-admin-links"},{"unicode":"f105","className":"dashicons-admin-page"},{"unicode":"f101","className":"dashicons-admin-comments"},{"unicode":"f100","className":"dashicons-admin-appearance"},{"unicode":"f106","className":"dashicons-admin-plugins"},{"unicode":"f110","className":"dashicons-admin-users"},{"unicode":"f107","className":"dashicons-admin-tools"},{"unicode":"f108","className":"dashicons-admin-settings"},{"unicode":"f112","className":"dashicons-admin-network"},{"unicode":"f102","className":"dashicons-admin-home"},{"unicode":"f111","className":"dashicons-admin-generic"},{"unicode":"f148","className":"dashicons-admin-collapse"},{"unicode":"f536","className":"dashicons-filter"},{"unicode":"f540","className":"dashicons-admin-customizer"},{"unicode":"f541","className":"dashicons-admin-multisite"},{"unicode":"f119","className":"dashicons-welcome-write-blog"},{"unicode":"f133","className":"dashicons-welcome-add-page"},{"unicode":"f115","className":"dashicons-welcome-view-site"},{"unicode":"f116","className":"dashicons-welcome-widgets-menus"},{"unicode":"f117","className":"dashicons-welcome-comments"},{"unicode":"f118","className":"dashicons-welcome-learn-more"},{"unicode":"f123","className":"dashicons-format-aside"},{"unicode":"f128","className":"dashicons-format-image"},{"unicode":"f161","className":"dashicons-format-gallery"},{"unicode":"f126","className":"dashicons-format-video"},{"unicode":"f130","className":"dashicons-format-status"},{"unicode":"f122","className":"dashicons-format-quote"},{"unicode":"f125","className":"dashicons-format-chat"},{"unicode":"f127","className":"dashicons-format-audio"},{"unicode":"f306","className":"dashicons-camera"},{"unicode":"f232","className":"dashicons-images-alt"},{"unicode":"f233","className":"dashicons-images-alt2"},{"unicode":"f234","className":"dashicons-video-alt"},{"unicode":"f235","className":"dashicons-video-alt2"},{"unicode":"f236","className":"dashicons-video-alt3"},{"unicode":"f501","className":"dashicons-media-archive"},{"unicode":"f500","className":"dashicons-media-audio"},{"unicode":"f499","className":"dashicons-media-code"},{"unicode":"f498","className":"dashicons-media-default"},{"unicode":"f497","className":"dashicons-media-document"},{"unicode":"f496","className":"dashicons-media-interactive"},{"unicode":"f495","className":"dashicons-media-spreadsheet"},{"unicode":"f491","className":"dashicons-media-text"},{"unicode":"f490","className":"dashicons-media-video"},{"unicode":"f492","className":"dashicons-playlist-audio"},{"unicode":"f493","className":"dashicons-playlist-video"},{"unicode":"f522","className":"dashicons-controls-play"},{"unicode":"f523","className":"dashicons-controls-pause"},{"unicode":"f519","className":"dashicons-controls-forward"},{"unicode":"f517","className":"dashicons-controls-skipforward"},{"unicode":"f518","className":"dashicons-controls-back"},{"unicode":"f516","className":"dashicons-controls-skipback"},{"unicode":"f515","className":"dashicons-controls-repeat"},{"unicode":"f521","className":"dashicons-controls-volumeon"},{"unicode":"f520","className":"dashicons-controls-volumeoff"},{"unicode":"f165","className":"dashicons-image-crop"},{"unicode":"f531","className":"dashicons-image-rotate"},{"unicode":"f166","className":"dashicons-image-rotate-left"},{"unicode":"f167","className":"dashicons-image-rotate-right"},{"unicode":"f168","className":"dashicons-image-flip-vertical"},{"unicode":"f169","className":"dashicons-image-flip-horizontal"},{"unicode":"f533","className":"dashicons-image-filter"},{"unicode":"f171","className":"dashicons-undo"},{"unicode":"f172","className":"dashicons-redo"},{"unicode":"f200","className":"dashicons-editor-bold"},{"unicode":"f201","className":"dashicons-editor-italic"},{"unicode":"f203","className":"dashicons-editor-ul"},{"unicode":"f204","className":"dashicons-editor-ol"},{"unicode":"f205","className":"dashicons-editor-quote"},{"unicode":"f206","className":"dashicons-editor-alignleft"},{"unicode":"f207","className":"dashicons-editor-aligncenter"},{"unicode":"f208","className":"dashicons-editor-alignright"},{"unicode":"f209","className":"dashicons-editor-insertmore"},{"unicode":"f210","className":"dashicons-editor-spellcheck"},{"unicode":"f211","className":"dashicons-editor-expand"},{"unicode":"f506","className":"dashicons-editor-contract"},{"unicode":"f212","className":"dashicons-editor-kitchensink"},{"unicode":"f213","className":"dashicons-editor-underline"},{"unicode":"f214","className":"dashicons-editor-justify"},{"unicode":"f215","className":"dashicons-editor-textcolor"},{"unicode":"f216","className":"dashicons-editor-paste-word"},{"unicode":"f217","className":"dashicons-editor-paste-text"},{"unicode":"f218","className":"dashicons-editor-removeformatting"},{"unicode":"f219","className":"dashicons-editor-video"},{"unicode":"f220","className":"dashicons-editor-customchar"},{"unicode":"f221","className":"dashicons-editor-outdent"},{"unicode":"f222","className":"dashicons-editor-indent"},{"unicode":"f223","className":"dashicons-editor-help"},{"unicode":"f224","className":"dashicons-editor-strikethrough"},{"unicode":"f225","className":"dashicons-editor-unlink"},{"unicode":"f320","className":"dashicons-editor-rtl"},{"unicode":"f474","className":"dashicons-editor-break"},{"unicode":"f475","className":"dashicons-editor-code"},{"unicode":"f476","className":"dashicons-editor-paragraph"},{"unicode":"f535","className":"dashicons-editor-table"},{"unicode":"f135","className":"dashicons-align-left"},{"unicode":"f136","className":"dashicons-align-right"},{"unicode":"f134","className":"dashicons-align-center"},{"unicode":"f138","className":"dashicons-align-none"},{"unicode":"f160","className":"dashicons-lock"},{"unicode":"f528","className":"dashicons-unlock"},{"unicode":"f145","className":"dashicons-calendar"},{"unicode":"f508","className":"dashicons-calendar-alt"},{"unicode":"f177","className":"dashicons-visibility"},{"unicode":"f530","className":"dashicons-hidden"},{"unicode":"f173","className":"dashicons-post-status"},{"unicode":"f464","className":"dashicons-edit"},{"unicode":"f182","className":"dashicons-trash"},{"unicode":"f537","className":"dashicons-sticky"},{"unicode":"f504","className":"dashicons-external"},{"unicode":"f142","className":"dashicons-arrow-up"},{"unicode":"f140","className":"dashicons-arrow-down"},{"unicode":"f139","className":"dashicons-arrow-right"},{"unicode":"f141","className":"dashicons-arrow-left"},{"unicode":"f342","className":"dashicons-arrow-up-alt"},{"unicode":"f346","className":"dashicons-arrow-down-alt"},{"unicode":"f344","className":"dashicons-arrow-right-alt"},{"unicode":"f340","className":"dashicons-arrow-left-alt"},{"unicode":"f343","className":"dashicons-arrow-up-alt2"},{"unicode":"f347","className":"dashicons-arrow-down-alt2"},{"unicode":"f345","className":"dashicons-arrow-right-alt2"},{"unicode":"f341","className":"dashicons-arrow-left-alt2"},{"unicode":"f156","className":"dashicons-sort"},{"unicode":"f229","className":"dashicons-leftright"},{"unicode":"f503","className":"dashicons-randomize"},{"unicode":"f163","className":"dashicons-list-view"},{"unicode":"f164","className":"dashicons-exerpt-view"},{"unicode":"f509","className":"dashicons-grid-view"},{"unicode":"f237","className":"dashicons-share"},{"unicode":"f240","className":"dashicons-share-alt"},{"unicode":"f242","className":"dashicons-share-alt2"},{"unicode":"f301","className":"dashicons-twitter"},{"unicode":"f303","className":"dashicons-rss"},{"unicode":"f465","className":"dashicons-email"},{"unicode":"f466","className":"dashicons-email-alt"},{"unicode":"f304","className":"dashicons-facebook"},{"unicode":"f305","className":"dashicons-facebook-alt"},{"unicode":"f462","className":"dashicons-googleplus"},{"unicode":"f325","className":"dashicons-networking"},{"unicode":"f308","className":"dashicons-hammer"},{"unicode":"f309","className":"dashicons-art"},{"unicode":"f310","className":"dashicons-migrate"},{"unicode":"f311","className":"dashicons-performance"},{"unicode":"f483","className":"dashicons-universal-access"},{"unicode":"f507","className":"dashicons-universal-access-alt"},{"unicode":"f486","className":"dashicons-tickets"},{"unicode":"f484","className":"dashicons-nametag"},{"unicode":"f481","className":"dashicons-clipboard"},{"unicode":"f487","className":"dashicons-heart"},{"unicode":"f488","className":"dashicons-megaphone"},{"unicode":"f489","className":"dashicons-schedule"},{"unicode":"f120","className":"dashicons-wordpress"},{"unicode":"f324","className":"dashicons-wordpress-alt"},{"unicode":"f157","className":"dashicons-pressthis"},{"unicode":"f463","className":"dashicons-update"},{"unicode":"f180","className":"dashicons-screenoptions"},{"unicode":"f348","className":"dashicons-info"},{"unicode":"f174","className":"dashicons-cart"},{"unicode":"f175","className":"dashicons-feedback"},{"unicode":"f176","className":"dashicons-cloud"},{"unicode":"f326","className":"dashicons-translation"},{"unicode":"f323","className":"dashicons-tag"},{"unicode":"f318","className":"dashicons-category"},{"unicode":"f480","className":"dashicons-archive"},{"unicode":"f479","className":"dashicons-tagcloud"},{"unicode":"f478","className":"dashicons-text"},{"unicode":"f147","className":"dashicons-yes"},{"unicode":"f158","className":"dashicons-no"},{"unicode":"f335","className":"dashicons-no-alt"},{"unicode":"f132","className":"dashicons-plus"},{"unicode":"f502","className":"dashicons-plus-alt"},{"unicode":"f460","className":"dashicons-minus"},{"unicode":"f153","className":"dashicons-dismiss"},{"unicode":"f159","className":"dashicons-marker"},{"unicode":"f155","className":"dashicons-star-filled"},{"unicode":"f459","className":"dashicons-star-half"},{"unicode":"f154","className":"dashicons-star-empty"},{"unicode":"f227","className":"dashicons-flag"},{"unicode":"f534","className":"dashicons-warning"},{"unicode":"f230","className":"dashicons-location"},{"unicode":"f231","className":"dashicons-location-alt"},{"unicode":"f178","className":"dashicons-vault"},{"unicode":"f332","className":"dashicons-shield"},{"unicode":"f334","className":"dashicons-shield-alt"},{"unicode":"f468","className":"dashicons-sos"},{"unicode":"f179","className":"dashicons-search"},{"unicode":"f181","className":"dashicons-slides"},{"unicode":"f183","className":"dashicons-analytics"},{"unicode":"f184","className":"dashicons-chart-pie"},{"unicode":"f185","className":"dashicons-chart-bar"},{"unicode":"f238","className":"dashicons-chart-line"},{"unicode":"f239","className":"dashicons-chart-area"},{"unicode":"f307","className":"dashicons-groups"},{"unicode":"f338","className":"dashicons-businessman"},{"unicode":"f336","className":"dashicons-id"},{"unicode":"f337","className":"dashicons-id-alt"},{"unicode":"f312","className":"dashicons-products"},{"unicode":"f313","className":"dashicons-awards"},{"unicode":"f314","className":"dashicons-forms"},{"unicode":"f473","className":"dashicons-testimonial"},{"unicode":"f322","className":"dashicons-portfolio"},{"unicode":"f330","className":"dashicons-book"},{"unicode":"f331","className":"dashicons-book-alt"},{"unicode":"f316","className":"dashicons-download"},{"unicode":"f317","className":"dashicons-upload"},{"unicode":"f321","className":"dashicons-backup"},{"unicode":"f469","className":"dashicons-clock"},{"unicode":"f339","className":"dashicons-lightbulb"},{"unicode":"f482","className":"dashicons-microphone"},{"unicode":"f472","className":"dashicons-desktop"},{"unicode":"f471","className":"dashicons-tablet"},{"unicode":"f470","className":"dashicons-smartphone"},{"unicode":"f525","className":"dashicons-phone"},{"unicode":"f510","className":"dashicons-index-card"},{"unicode":"f511","className":"dashicons-carrot"},{"unicode":"f512","className":"dashicons-building"},{"unicode":"f513","className":"dashicons-store"},{"unicode":"f514","className":"dashicons-album"},{"unicode":"f527","className":"dashicons-palmtree"},{"unicode":"f524","className":"dashicons-tickets-alt"},{"unicode":"f526","className":"dashicons-money"},{"unicode":"f328","className":"dashicons-smiley"},{"unicode":"f529","className":"dashicons-thumbs-up"},{"unicode":"f542","className":"dashicons-thumbs-down"},{"unicode":"f538","className":"dashicons-layout"}]}
