{"icons":[{"unicode":"f26e","className":"fa-500px"},{"unicode":"f042","className":"fa-adjust"},{"unicode":"f170","className":"fa-adn"},{"unicode":"f037","className":"fa-align-center"},{"unicode":"f039","className":"fa-align-justify"},{"unicode":"f036","className":"fa-align-left"},{"unicode":"f038","className":"fa-align-right"},{"unicode":"f270","className":"fa-amazon"},{"unicode":"f0f9","className":"fa-ambulance"},{"unicode":"f13d","className":"fa-anchor"},{"unicode":"f17b","className":"fa-android"},{"unicode":"f209","className":"fa-angellist"},{"unicode":"f103","className":"fa-angle-double-down"},{"unicode":"f100","className":"fa-angle-double-left"},{"unicode":"f101","className":"fa-angle-double-right"},{"unicode":"f102","className":"fa-angle-double-up"},{"unicode":"f107","className":"fa-angle-down"},{"unicode":"f104","className":"fa-angle-left"},{"unicode":"f105","className":"fa-angle-right"},{"unicode":"f106","className":"fa-angle-up"},{"unicode":"f179","className":"fa-apple"},{"unicode":"f187","className":"fa-archive"},{"unicode":"f1fe","className":"fa-area-chart"},{"unicode":"f0ab","className":"fa-arrow-circle-down"},{"unicode":"f0a8","className":"fa-arrow-circle-left"},{"unicode":"f01a","className":"fa-arrow-circle-o-down"},{"unicode":"f190","className":"fa-arrow-circle-o-left"},{"unicode":"f18e","className":"fa-arrow-circle-o-right"},{"unicode":"f01b","className":"fa-arrow-circle-o-up"},{"unicode":"f0a9","className":"fa-arrow-circle-right"},{"unicode":"f0aa","className":"fa-arrow-circle-up"},{"unicode":"f063","className":"fa-arrow-down"},{"unicode":"f060","className":"fa-arrow-left"},{"unicode":"f061","className":"fa-arrow-right"},{"unicode":"f062","className":"fa-arrow-up"},{"unicode":"f047","className":"fa-arrows"},{"unicode":"f0b2","className":"fa-arrows-alt"},{"unicode":"f07e","className":"fa-arrows-h"},{"unicode":"f07d","className":"fa-arrows-v"},{"unicode":"f069","className":"fa-asterisk"},{"unicode":"f1fa","className":"fa-at"},{"unicode":"f1b9","className":"fa-automobile"},{"unicode":"f04a","className":"fa-backward"},{"unicode":"f24e","className":"fa-balance-scale"},{"unicode":"f05e","className":"fa-ban"},{"unicode":"f19c","className":"fa-bank"},{"unicode":"f080","className":"fa-bar-chart"},{"unicode":"f080","className":"fa-bar-chart-o"},{"unicode":"f02a","className":"fa-barcode"},{"unicode":"f0c9","className":"fa-bars"},{"unicode":"f244","className":"fa-battery-0"},{"unicode":"f243","className":"fa-battery-1"},{"unicode":"f242","className":"fa-battery-2"},{"unicode":"f241","className":"fa-battery-3"},{"unicode":"f240","className":"fa-battery-4"},{"unicode":"f244","className":"fa-battery-empty"},{"unicode":"f240","className":"fa-battery-full"},{"unicode":"f242","className":"fa-battery-half"},{"unicode":"f243","className":"fa-battery-quarter"},{"unicode":"f241","className":"fa-battery-three-quarters"},{"unicode":"f236","className":"fa-bed"},{"unicode":"f0fc","className":"fa-beer"},{"unicode":"f1b4","className":"fa-behance"},{"unicode":"f1b5","className":"fa-behance-square"},{"unicode":"f0f3","className":"fa-bell"},{"unicode":"f0a2","className":"fa-bell-o"},{"unicode":"f1f6","className":"fa-bell-slash"},{"unicode":"f1f7","className":"fa-bell-slash-o"},{"unicode":"f206","className":"fa-bicycle"},{"unicode":"f1e5","className":"fa-binoculars"},{"unicode":"f1fd","className":"fa-birthday-cake"},{"unicode":"f171","className":"fa-bitbucket"},{"unicode":"f172","className":"fa-bitbucket-square"},{"unicode":"f15a","className":"fa-bitcoin"},{"unicode":"f27e","className":"fa-black-tie"},{"unicode":"f293","className":"fa-bluetooth"},{"unicode":"f294","className":"fa-bluetooth-b"},{"unicode":"f032","className":"fa-bold"},{"unicode":"f0e7","className":"fa-bolt"},{"unicode":"f1e2","className":"fa-bomb"},{"unicode":"f02d","className":"fa-book"},{"unicode":"f02e","className":"fa-bookmark"},{"unicode":"f097","className":"fa-bookmark-o"},{"unicode":"f0b1","className":"fa-briefcase"},{"unicode":"f15a","className":"fa-btc"},{"unicode":"f188","className":"fa-bug"},{"unicode":"f1ad","className":"fa-building"},{"unicode":"f0f7","className":"fa-building-o"},{"unicode":"f0a1","className":"fa-bullhorn"},{"unicode":"f140","className":"fa-bullseye"},{"unicode":"f207","className":"fa-bus"},{"unicode":"f20d","className":"fa-buysellads"},{"unicode":"f1ba","className":"fa-cab"},{"unicode":"f1ec","className":"fa-calculator"},{"unicode":"f073","className":"fa-calendar"},{"unicode":"f274","className":"fa-calendar-check-o"},{"unicode":"f272","className":"fa-calendar-minus-o"},{"unicode":"f133","className":"fa-calendar-o"},{"unicode":"f271","className":"fa-calendar-plus-o"},{"unicode":"f273","className":"fa-calendar-times-o"},{"unicode":"f030","className":"fa-camera"},{"unicode":"f083","className":"fa-camera-retro"},{"unicode":"f1b9","className":"fa-car"},{"unicode":"f0d7","className":"fa-caret-down"},{"unicode":"f0d9","className":"fa-caret-left"},{"unicode":"f0da","className":"fa-caret-right"},{"unicode":"f150","className":"fa-caret-square-o-down"},{"unicode":"f191","className":"fa-caret-square-o-left"},{"unicode":"f152","className":"fa-caret-square-o-right"},{"unicode":"f151","className":"fa-caret-square-o-up"},{"unicode":"f0d8","className":"fa-caret-up"},{"unicode":"f218","className":"fa-cart-arrow-down"},{"unicode":"f217","className":"fa-cart-plus"},{"unicode":"f20a","className":"fa-cc"},{"unicode":"f1f3","className":"fa-cc-amex"},{"unicode":"f24c","className":"fa-cc-diners-club"},{"unicode":"f1f2","className":"fa-cc-discover"},{"unicode":"f24b","className":"fa-cc-jcb"},{"unicode":"f1f1","className":"fa-cc-mastercard"},{"unicode":"f1f4","className":"fa-cc-paypal"},{"unicode":"f1f5","className":"fa-cc-stripe"},{"unicode":"f1f0","className":"fa-cc-visa"},{"unicode":"f0a3","className":"fa-certificate"},{"unicode":"f0c1","className":"fa-chain"},{"unicode":"f127","className":"fa-chain-broken"},{"unicode":"f00c","className":"fa-check"},{"unicode":"f058","className":"fa-check-circle"},{"unicode":"f05d","className":"fa-check-circle-o"},{"unicode":"f14a","className":"fa-check-square"},{"unicode":"f046","className":"fa-check-square-o"},{"unicode":"f13a","className":"fa-chevron-circle-down"},{"unicode":"f137","className":"fa-chevron-circle-left"},{"unicode":"f138","className":"fa-chevron-circle-right"},{"unicode":"f139","className":"fa-chevron-circle-up"},{"unicode":"f078","className":"fa-chevron-down"},{"unicode":"f053","className":"fa-chevron-left"},{"unicode":"f054","className":"fa-chevron-right"},{"unicode":"f077","className":"fa-chevron-up"},{"unicode":"f1ae","className":"fa-child"},{"unicode":"f268","className":"fa-chrome"},{"unicode":"f111","className":"fa-circle"},{"unicode":"f10c","className":"fa-circle-o"},{"unicode":"f1ce","className":"fa-circle-o-notch"},{"unicode":"f1db","className":"fa-circle-thin"},{"unicode":"f0ea","className":"fa-clipboard"},{"unicode":"f017","className":"fa-clock-o"},{"unicode":"f24d","className":"fa-clone"},{"unicode":"f00d","className":"fa-close"},{"unicode":"f0c2","className":"fa-cloud"},{"unicode":"f0ed","className":"fa-cloud-download"},{"unicode":"f0ee","className":"fa-cloud-upload"},{"unicode":"f157","className":"fa-cny"},{"unicode":"f121","className":"fa-code"},{"unicode":"f126","className":"fa-code-fork"},{"unicode":"f1cb","className":"fa-codepen"},{"unicode":"f284","className":"fa-codiepie"},{"unicode":"f0f4","className":"fa-coffee"},{"unicode":"f013","className":"fa-cog"},{"unicode":"f085","className":"fa-cogs"},{"unicode":"f0db","className":"fa-columns"},{"unicode":"f075","className":"fa-comment"},{"unicode":"f0e5","className":"fa-comment-o"},{"unicode":"f27a","className":"fa-commenting"},{"unicode":"f27b","className":"fa-commenting-o"},{"unicode":"f086","className":"fa-comments"},{"unicode":"f0e6","className":"fa-comments-o"},{"unicode":"f14e","className":"fa-compass"},{"unicode":"f066","className":"fa-compress"},{"unicode":"f20e","className":"fa-connectdevelop"},{"unicode":"f26d","className":"fa-contao"},{"unicode":"f0c5","className":"fa-copy"},{"unicode":"f1f9","className":"fa-copyright"},{"unicode":"f25e","className":"fa-creative-commons"},{"unicode":"f09d","className":"fa-credit-card"},{"unicode":"f283","className":"fa-credit-card-alt"},{"unicode":"f125","className":"fa-crop"},{"unicode":"f05b","className":"fa-crosshairs"},{"unicode":"f13c","className":"fa-css3"},{"unicode":"f1b2","className":"fa-cube"},{"unicode":"f1b3","className":"fa-cubes"},{"unicode":"f0c4","className":"fa-cut"},{"unicode":"f0f5","className":"fa-cutlery"},{"unicode":"f0e4","className":"fa-dashboard"},{"unicode":"f210","className":"fa-dashcube"},{"unicode":"f1c0","className":"fa-database"},{"unicode":"f03b","className":"fa-dedent"},{"unicode":"f1a5","className":"fa-delicious"},{"unicode":"f108","className":"fa-desktop"},{"unicode":"f1bd","className":"fa-deviantart"},{"unicode":"f219","className":"fa-diamond"},{"unicode":"f1a6","className":"fa-digg"},{"unicode":"f155","className":"fa-dollar"},{"unicode":"f192","className":"fa-dot-circle-o"},{"unicode":"f019","className":"fa-download"},{"unicode":"f17d","className":"fa-dribbble"},{"unicode":"f16b","className":"fa-dropbox"},{"unicode":"f1a9","className":"fa-drupal"},{"unicode":"f282","className":"fa-edge"},{"unicode":"f044","className":"fa-edit"},{"unicode":"f052","className":"fa-eject"},{"unicode":"f141","className":"fa-ellipsis-h"},{"unicode":"f142","className":"fa-ellipsis-v"},{"unicode":"f1d1","className":"fa-empire"},{"unicode":"f0e0","className":"fa-envelope"},{"unicode":"f003","className":"fa-envelope-o"},{"unicode":"f199","className":"fa-envelope-square"},{"unicode":"f12d","className":"fa-eraser"},{"unicode":"f153","className":"fa-eur"},{"unicode":"f153","className":"fa-euro"},{"unicode":"f0ec","className":"fa-exchange"},{"unicode":"f12a","className":"fa-exclamation"},{"unicode":"f06a","className":"fa-exclamation-circle"},{"unicode":"f071","className":"fa-exclamation-triangle"},{"unicode":"f065","className":"fa-expand"},{"unicode":"f23e","className":"fa-expeditedssl"},{"unicode":"f08e","className":"fa-external-link"},{"unicode":"f14c","className":"fa-external-link-square"},{"unicode":"f06e","className":"fa-eye"},{"unicode":"f070","className":"fa-eye-slash"},{"unicode":"f1fb","className":"fa-eyedropper"},{"unicode":"f09a","className":"fa-facebook"},{"unicode":"f09a","className":"fa-facebook-f"},{"unicode":"f230","className":"fa-facebook-official"},{"unicode":"f082","className":"fa-facebook-square"},{"unicode":"f049","className":"fa-fast-backward"},{"unicode":"f050","className":"fa-fast-forward"},{"unicode":"f1ac","className":"fa-fax"},{"unicode":"f09e","className":"fa-feed"},{"unicode":"f182","className":"fa-female"},{"unicode":"f0fb","className":"fa-fighter-jet"},{"unicode":"f15b","className":"fa-file"},{"unicode":"f1c6","className":"fa-file-archive-o"},{"unicode":"f1c7","className":"fa-file-audio-o"},{"unicode":"f1c9","className":"fa-file-code-o"},{"unicode":"f1c3","className":"fa-file-excel-o"},{"unicode":"f1c5","className":"fa-file-image-o"},{"unicode":"f1c8","className":"fa-file-movie-o"},{"unicode":"f016","className":"fa-file-o"},{"unicode":"f1c1","className":"fa-file-pdf-o"},{"unicode":"f1c5","className":"fa-file-photo-o"},{"unicode":"f1c5","className":"fa-file-picture-o"},{"unicode":"f1c4","className":"fa-file-powerpoint-o"},{"unicode":"f1c7","className":"fa-file-sound-o"},{"unicode":"f15c","className":"fa-file-text"},{"unicode":"f0f6","className":"fa-file-text-o"},{"unicode":"f1c8","className":"fa-file-video-o"},{"unicode":"f1c2","className":"fa-file-word-o"},{"unicode":"f1c6","className":"fa-file-zip-o"},{"unicode":"f0c5","className":"fa-files-o"},{"unicode":"f008","className":"fa-film"},{"unicode":"f0b0","className":"fa-filter"},{"unicode":"f06d","className":"fa-fire"},{"unicode":"f134","className":"fa-fire-extinguisher"},{"unicode":"f269","className":"fa-firefox"},{"unicode":"f024","className":"fa-flag"},{"unicode":"f11e","className":"fa-flag-checkered"},{"unicode":"f11d","className":"fa-flag-o"},{"unicode":"f0e7","className":"fa-flash"},{"unicode":"f0c3","className":"fa-flask"},{"unicode":"f16e","className":"fa-flickr"},{"unicode":"f0c7","className":"fa-floppy-o"},{"unicode":"f07b","className":"fa-folder"},{"unicode":"f114","className":"fa-folder-o"},{"unicode":"f07c","className":"fa-folder-open"},{"unicode":"f115","className":"fa-folder-open-o"},{"unicode":"f031","className":"fa-font"},{"unicode":"f280","className":"fa-fonticons"},{"unicode":"f286","className":"fa-fort-awesome"},{"unicode":"f211","className":"fa-forumbee"},{"unicode":"f04e","className":"fa-forward"},{"unicode":"f180","className":"fa-foursquare"},{"unicode":"f119","className":"fa-frown-o"},{"unicode":"f1e3","className":"fa-futbol-o"},{"unicode":"f11b","className":"fa-gamepad"},{"unicode":"f0e3","className":"fa-gavel"},{"unicode":"f154","className":"fa-gbp"},{"unicode":"f1d1","className":"fa-ge"},{"unicode":"f013","className":"fa-gear"},{"unicode":"f085","className":"fa-gears"},{"unicode":"f22d","className":"fa-genderless"},{"unicode":"f265","className":"fa-get-pocket"},{"unicode":"f260","className":"fa-gg"},{"unicode":"f261","className":"fa-gg-circle"},{"unicode":"f06b","className":"fa-gift"},{"unicode":"f1d3","className":"fa-git"},{"unicode":"f1d2","className":"fa-git-square"},{"unicode":"f09b","className":"fa-github"},{"unicode":"f113","className":"fa-github-alt"},{"unicode":"f092","className":"fa-github-square"},{"unicode":"f184","className":"fa-gittip"},{"unicode":"f000","className":"fa-glass"},{"unicode":"f0ac","className":"fa-globe"},{"unicode":"f1a0","className":"fa-google"},{"unicode":"f0d5","className":"fa-google-plus"},{"unicode":"f0d4","className":"fa-google-plus-square"},{"unicode":"f1ee","className":"fa-google-wallet"},{"unicode":"f19d","className":"fa-graduation-cap"},{"unicode":"f184","className":"fa-gratipay"},{"unicode":"f0c0","className":"fa-group"},{"unicode":"f0fd","className":"fa-h-square"},{"unicode":"f1d4","className":"fa-hacker-news"},{"unicode":"f255","className":"fa-hand-grab-o"},{"unicode":"f258","className":"fa-hand-lizard-o"},{"unicode":"f0a7","className":"fa-hand-o-down"},{"unicode":"f0a5","className":"fa-hand-o-left"},{"unicode":"f0a4","className":"fa-hand-o-right"},{"unicode":"f0a6","className":"fa-hand-o-up"},{"unicode":"f256","className":"fa-hand-paper-o"},{"unicode":"f25b","className":"fa-hand-peace-o"},{"unicode":"f25a","className":"fa-hand-pointer-o"},{"unicode":"f255","className":"fa-hand-rock-o"},{"unicode":"f257","className":"fa-hand-scissors-o"},{"unicode":"f259","className":"fa-hand-spock-o"},{"unicode":"f256","className":"fa-hand-stop-o"},{"unicode":"f292","className":"fa-hashtag"},{"unicode":"f0a0","className":"fa-hdd-o"},{"unicode":"f1dc","className":"fa-header"},{"unicode":"f025","className":"fa-headphones"},{"unicode":"f004","className":"fa-heart"},{"unicode":"f08a","className":"fa-heart-o"},{"unicode":"f21e","className":"fa-heartbeat"},{"unicode":"f1da","className":"fa-history"},{"unicode":"f015","className":"fa-home"},{"unicode":"f0f8","className":"fa-hospital-o"},{"unicode":"f236","className":"fa-hotel"},{"unicode":"f254","className":"fa-hourglass"},{"unicode":"f251","className":"fa-hourglass-1"},{"unicode":"f252","className":"fa-hourglass-2"},{"unicode":"f253","className":"fa-hourglass-3"},{"unicode":"f253","className":"fa-hourglass-end"},{"unicode":"f252","className":"fa-hourglass-half"},{"unicode":"f250","className":"fa-hourglass-o"},{"unicode":"f251","className":"fa-hourglass-start"},{"unicode":"f27c","className":"fa-houzz"},{"unicode":"f13b","className":"fa-html5"},{"unicode":"f246","className":"fa-i-cursor"},{"unicode":"f20b","className":"fa-ils"},{"unicode":"f03e","className":"fa-image"},{"unicode":"f01c","className":"fa-inbox"},{"unicode":"f03c","className":"fa-indent"},{"unicode":"f275","className":"fa-industry"},{"unicode":"f129","className":"fa-info"},{"unicode":"f05a","className":"fa-info-circle"},{"unicode":"f156","className":"fa-inr"},{"unicode":"f16d","className":"fa-instagram"},{"unicode":"f19c","className":"fa-institution"},{"unicode":"f26b","className":"fa-internet-explorer"},{"unicode":"f224","className":"fa-intersex"},{"unicode":"f208","className":"fa-ioxhost"},{"unicode":"f033","className":"fa-italic"},{"unicode":"f1aa","className":"fa-joomla"},{"unicode":"f157","className":"fa-jpy"},{"unicode":"f1cc","className":"fa-jsfiddle"},{"unicode":"f084","className":"fa-key"},{"unicode":"f11c","className":"fa-keyboard-o"},{"unicode":"f159","className":"fa-krw"},{"unicode":"f1ab","className":"fa-language"},{"unicode":"f109","className":"fa-laptop"},{"unicode":"f202","className":"fa-lastfm"},{"unicode":"f203","className":"fa-lastfm-square"},{"unicode":"f06c","className":"fa-leaf"},{"unicode":"f212","className":"fa-leanpub"},{"unicode":"f0e3","className":"fa-legal"},{"unicode":"f094","className":"fa-lemon-o"},{"unicode":"f149","className":"fa-level-down"},{"unicode":"f148","className":"fa-level-up"},{"unicode":"f1cd","className":"fa-life-bouy"},{"unicode":"f1cd","className":"fa-life-buoy"},{"unicode":"f1cd","className":"fa-life-ring"},{"unicode":"f1cd","className":"fa-life-saver"},{"unicode":"f0eb","className":"fa-lightbulb-o"},{"unicode":"f201","className":"fa-line-chart"},{"unicode":"f0c1","className":"fa-link"},{"unicode":"f0e1","className":"fa-linkedin"},{"unicode":"f08c","className":"fa-linkedin-square"},{"unicode":"f17c","className":"fa-linux"},{"unicode":"f03a","className":"fa-list"},{"unicode":"f022","className":"fa-list-alt"},{"unicode":"f0cb","className":"fa-list-ol"},{"unicode":"f0ca","className":"fa-list-ul"},{"unicode":"f124","className":"fa-location-arrow"},{"unicode":"f023","className":"fa-lock"},{"unicode":"f175","className":"fa-long-arrow-down"},{"unicode":"f177","className":"fa-long-arrow-left"},{"unicode":"f178","className":"fa-long-arrow-right"},{"unicode":"f176","className":"fa-long-arrow-up"},{"unicode":"f0d0","className":"fa-magic"},{"unicode":"f076","className":"fa-magnet"},{"unicode":"f064","className":"fa-mail-forward"},{"unicode":"f112","className":"fa-mail-reply"},{"unicode":"f122","className":"fa-mail-reply-all"},{"unicode":"f183","className":"fa-male"},{"unicode":"f279","className":"fa-map"},{"unicode":"f041","className":"fa-map-marker"},{"unicode":"f278","className":"fa-map-o"},{"unicode":"f276","className":"fa-map-pin"},{"unicode":"f277","className":"fa-map-signs"},{"unicode":"f222","className":"fa-mars"},{"unicode":"f227","className":"fa-mars-double"},{"unicode":"f229","className":"fa-mars-stroke"},{"unicode":"f22b","className":"fa-mars-stroke-h"},{"unicode":"f22a","className":"fa-mars-stroke-v"},{"unicode":"f136","className":"fa-maxcdn"},{"unicode":"f20c","className":"fa-meanpath"},{"unicode":"f23a","className":"fa-medium"},{"unicode":"f0fa","className":"fa-medkit"},{"unicode":"f11a","className":"fa-meh-o"},{"unicode":"f223","className":"fa-mercury"},{"unicode":"f130","className":"fa-microphone"},{"unicode":"f131","className":"fa-microphone-slash"},{"unicode":"f068","className":"fa-minus"},{"unicode":"f056","className":"fa-minus-circle"},{"unicode":"f146","className":"fa-minus-square"},{"unicode":"f147","className":"fa-minus-square-o"},{"unicode":"f289","className":"fa-mixcloud"},{"unicode":"f10b","className":"fa-mobile"},{"unicode":"f10b","className":"fa-mobile-phone"},{"unicode":"f285","className":"fa-modx"},{"unicode":"f0d6","className":"fa-money"},{"unicode":"f186","className":"fa-moon-o"},{"unicode":"f19d","className":"fa-mortar-board"},{"unicode":"f21c","className":"fa-motorcycle"},{"unicode":"f245","className":"fa-mouse-pointer"},{"unicode":"f001","className":"fa-music"},{"unicode":"f0c9","className":"fa-navicon"},{"unicode":"f22c","className":"fa-neuter"},{"unicode":"f1ea","className":"fa-newspaper-o"},{"unicode":"f247","className":"fa-object-group"},{"unicode":"f248","className":"fa-object-ungroup"},{"unicode":"f263","className":"fa-odnoklassniki"},{"unicode":"f264","className":"fa-odnoklassniki-square"},{"unicode":"f23d","className":"fa-opencart"},{"unicode":"f19b","className":"fa-openid"},{"unicode":"f26a","className":"fa-opera"},{"unicode":"f23c","className":"fa-optin-monster"},{"unicode":"f03b","className":"fa-outdent"},{"unicode":"f18c","className":"fa-pagelines"},{"unicode":"f1fc","className":"fa-paint-brush"},{"unicode":"f1d8","className":"fa-paper-plane"},{"unicode":"f1d9","className":"fa-paper-plane-o"},{"unicode":"f0c6","className":"fa-paperclip"},{"unicode":"f1dd","className":"fa-paragraph"},{"unicode":"f0ea","className":"fa-paste"},{"unicode":"f04c","className":"fa-pause"},{"unicode":"f28b","className":"fa-pause-circle"},{"unicode":"f28c","className":"fa-pause-circle-o"},{"unicode":"f1b0","className":"fa-paw"},{"unicode":"f1ed","className":"fa-paypal"},{"unicode":"f040","className":"fa-pencil"},{"unicode":"f14b","className":"fa-pencil-square"},{"unicode":"f044","className":"fa-pencil-square-o"},{"unicode":"f295","className":"fa-percent"},{"unicode":"f095","className":"fa-phone"},{"unicode":"f098","className":"fa-phone-square"},{"unicode":"f03e","className":"fa-photo"},{"unicode":"f03e","className":"fa-picture-o"},{"unicode":"f200","className":"fa-pie-chart"},{"unicode":"f1a7","className":"fa-pied-piper"},{"unicode":"f1a8","className":"fa-pied-piper-alt"},{"unicode":"f0d2","className":"fa-pinterest"},{"unicode":"f231","className":"fa-pinterest-p"},{"unicode":"f0d3","className":"fa-pinterest-square"},{"unicode":"f072","className":"fa-plane"},{"unicode":"f04b","className":"fa-play"},{"unicode":"f144","className":"fa-play-circle"},{"unicode":"f01d","className":"fa-play-circle-o"},{"unicode":"f1e6","className":"fa-plug"},{"unicode":"f067","className":"fa-plus"},{"unicode":"f055","className":"fa-plus-circle"},{"unicode":"f0fe","className":"fa-plus-square"},{"unicode":"f196","className":"fa-plus-square-o"},{"unicode":"f011","className":"fa-power-off"},{"unicode":"f02f","className":"fa-print"},{"unicode":"f288","className":"fa-product-hunt"},{"unicode":"f12e","className":"fa-puzzle-piece"},{"unicode":"f1d6","className":"fa-qq"},{"unicode":"f029","className":"fa-qrcode"},{"unicode":"f128","className":"fa-question"},{"unicode":"f059","className":"fa-question-circle"},{"unicode":"f10d","className":"fa-quote-left"},{"unicode":"f10e","className":"fa-quote-right"},{"unicode":"f1d0","className":"fa-ra"},{"unicode":"f074","className":"fa-random"},{"unicode":"f1d0","className":"fa-rebel"},{"unicode":"f1b8","className":"fa-recycle"},{"unicode":"f1a1","className":"fa-reddit"},{"unicode":"f281","className":"fa-reddit-alien"},{"unicode":"f1a2","className":"fa-reddit-square"},{"unicode":"f021","className":"fa-refresh"},{"unicode":"f25d","className":"fa-registered"},{"unicode":"f00d","className":"fa-remove"},{"unicode":"f18b","className":"fa-renren"},{"unicode":"f0c9","className":"fa-reorder"},{"unicode":"f01e","className":"fa-repeat"},{"unicode":"f112","className":"fa-reply"},{"unicode":"f122","className":"fa-reply-all"},{"unicode":"f079","className":"fa-retweet"},{"unicode":"f157","className":"fa-rmb"},{"unicode":"f018","className":"fa-road"},{"unicode":"f135","className":"fa-rocket"},{"unicode":"f0e2","className":"fa-rotate-left"},{"unicode":"f01e","className":"fa-rotate-right"},{"unicode":"f158","className":"fa-rouble"},{"unicode":"f09e","className":"fa-rss"},{"unicode":"f143","className":"fa-rss-square"},{"unicode":"f158","className":"fa-rub"},{"unicode":"f158","className":"fa-ruble"},{"unicode":"f156","className":"fa-rupee"},{"unicode":"f267","className":"fa-safari"},{"unicode":"f0c7","className":"fa-save"},{"unicode":"f0c4","className":"fa-scissors"},{"unicode":"f28a","className":"fa-scribd"},{"unicode":"f002","className":"fa-search"},{"unicode":"f010","className":"fa-search-minus"},{"unicode":"f00e","className":"fa-search-plus"},{"unicode":"f213","className":"fa-sellsy"},{"unicode":"f1d8","className":"fa-send"},{"unicode":"f1d9","className":"fa-send-o"},{"unicode":"f233","className":"fa-server"},{"unicode":"f064","className":"fa-share"},{"unicode":"f1e0","className":"fa-share-alt"},{"unicode":"f1e1","className":"fa-share-alt-square"},{"unicode":"f14d","className":"fa-share-square"},{"unicode":"f045","className":"fa-share-square-o"},{"unicode":"f20b","className":"fa-shekel"},{"unicode":"f20b","className":"fa-sheqel"},{"unicode":"f132","className":"fa-shield"},{"unicode":"f21a","className":"fa-ship"},{"unicode":"f214","className":"fa-shirtsinbulk"},{"unicode":"f290","className":"fa-shopping-bag"},{"unicode":"f291","className":"fa-shopping-basket"},{"unicode":"f07a","className":"fa-shopping-cart"},{"unicode":"f090","className":"fa-sign-in"},{"unicode":"f08b","className":"fa-sign-out"},{"unicode":"f012","className":"fa-signal"},{"unicode":"f215","className":"fa-simplybuilt"},{"unicode":"f0e8","className":"fa-sitemap"},{"unicode":"f216","className":"fa-skyatlas"},{"unicode":"f17e","className":"fa-skype"},{"unicode":"f198","className":"fa-slack"},{"unicode":"f1de","className":"fa-sliders"},{"unicode":"f1e7","className":"fa-slideshare"},{"unicode":"f118","className":"fa-smile-o"},{"unicode":"f1e3","className":"fa-soccer-ball-o"},{"unicode":"f0dc","className":"fa-sort"},{"unicode":"f15d","className":"fa-sort-alpha-asc"},{"unicode":"f15e","className":"fa-sort-alpha-desc"},{"unicode":"f160","className":"fa-sort-amount-asc"},{"unicode":"f161","className":"fa-sort-amount-desc"},{"unicode":"f0de","className":"fa-sort-asc"},{"unicode":"f0dd","className":"fa-sort-desc"},{"unicode":"f0dd","className":"fa-sort-down"},{"unicode":"f162","className":"fa-sort-numeric-asc"},{"unicode":"f163","className":"fa-sort-numeric-desc"},{"unicode":"f0de","className":"fa-sort-up"},{"unicode":"f1be","className":"fa-soundcloud"},{"unicode":"f197","className":"fa-space-shuttle"},{"unicode":"f110","className":"fa-spinner"},{"unicode":"f1b1","className":"fa-spoon"},{"unicode":"f1bc","className":"fa-spotify"},{"unicode":"f0c8","className":"fa-square"},{"unicode":"f096","className":"fa-square-o"},{"unicode":"f18d","className":"fa-stack-exchange"},{"unicode":"f16c","className":"fa-stack-overflow"},{"unicode":"f005","className":"fa-star"},{"unicode":"f089","className":"fa-star-half"},{"unicode":"f123","className":"fa-star-half-empty"},{"unicode":"f123","className":"fa-star-half-full"},{"unicode":"f123","className":"fa-star-half-o"},{"unicode":"f006","className":"fa-star-o"},{"unicode":"f1b6","className":"fa-steam"},{"unicode":"f1b7","className":"fa-steam-square"},{"unicode":"f048","className":"fa-step-backward"},{"unicode":"f051","className":"fa-step-forward"},{"unicode":"f0f1","className":"fa-stethoscope"},{"unicode":"f249","className":"fa-sticky-note"},{"unicode":"f24a","className":"fa-sticky-note-o"},{"unicode":"f04d","className":"fa-stop"},{"unicode":"f28d","className":"fa-stop-circle"},{"unicode":"f28e","className":"fa-stop-circle-o"},{"unicode":"f21d","className":"fa-street-view"},{"unicode":"f0cc","className":"fa-strikethrough"},{"unicode":"f1a4","className":"fa-stumbleupon"},{"unicode":"f1a3","className":"fa-stumbleupon-circle"},{"unicode":"f12c","className":"fa-subscript"},{"unicode":"f239","className":"fa-subway"},{"unicode":"f0f2","className":"fa-suitcase"},{"unicode":"f185","className":"fa-sun-o"},{"unicode":"f12b","className":"fa-superscript"},{"unicode":"f1cd","className":"fa-support"},{"unicode":"f0ce","className":"fa-table"},{"unicode":"f10a","className":"fa-tablet"},{"unicode":"f0e4","className":"fa-tachometer"},{"unicode":"f02b","className":"fa-tag"},{"unicode":"f02c","className":"fa-tags"},{"unicode":"f0ae","className":"fa-tasks"},{"unicode":"f1ba","className":"fa-taxi"},{"unicode":"f26c","className":"fa-television"},{"unicode":"f1d5","className":"fa-tencent-weibo"},{"unicode":"f120","className":"fa-terminal"},{"unicode":"f034","className":"fa-text-height"},{"unicode":"f035","className":"fa-text-width"},{"unicode":"f00a","className":"fa-th"},{"unicode":"f009","className":"fa-th-large"},{"unicode":"f00b","className":"fa-th-list"},{"unicode":"f08d","className":"fa-thumb-tack"},{"unicode":"f165","className":"fa-thumbs-down"},{"unicode":"f088","className":"fa-thumbs-o-down"},{"unicode":"f087","className":"fa-thumbs-o-up"},{"unicode":"f164","className":"fa-thumbs-up"},{"unicode":"f145","className":"fa-ticket"},{"unicode":"f00d","className":"fa-times"},{"unicode":"f057","className":"fa-times-circle"},{"unicode":"f05c","className":"fa-times-circle-o"},{"unicode":"f043","className":"fa-tint"},{"unicode":"f150","className":"fa-toggle-down"},{"unicode":"f191","className":"fa-toggle-left"},{"unicode":"f204","className":"fa-toggle-off"},{"unicode":"f205","className":"fa-toggle-on"},{"unicode":"f152","className":"fa-toggle-right"},{"unicode":"f151","className":"fa-toggle-up"},{"unicode":"f25c","className":"fa-trademark"},{"unicode":"f238","className":"fa-train"},{"unicode":"f224","className":"fa-transgender"},{"unicode":"f225","className":"fa-transgender-alt"},{"unicode":"f1f8","className":"fa-trash"},{"unicode":"f014","className":"fa-trash-o"},{"unicode":"f1bb","className":"fa-tree"},{"unicode":"f181","className":"fa-trello"},{"unicode":"f262","className":"fa-tripadvisor"},{"unicode":"f091","className":"fa-trophy"},{"unicode":"f0d1","className":"fa-truck"},{"unicode":"f195","className":"fa-try"},{"unicode":"f1e4","className":"fa-tty"},{"unicode":"f173","className":"fa-tumblr"},{"unicode":"f174","className":"fa-tumblr-square"},{"unicode":"f195","className":"fa-turkish-lira"},{"unicode":"f26c","className":"fa-tv"},{"unicode":"f1e8","className":"fa-twitch"},{"unicode":"f099","className":"fa-twitter"},{"unicode":"f081","className":"fa-twitter-square"},{"unicode":"f0e9","className":"fa-umbrella"},{"unicode":"f0cd","className":"fa-underline"},{"unicode":"f0e2","className":"fa-undo"},{"unicode":"f19c","className":"fa-university"},{"unicode":"f127","className":"fa-unlink"},{"unicode":"f09c","className":"fa-unlock"},{"unicode":"f13e","className":"fa-unlock-alt"},{"unicode":"f0dc","className":"fa-unsorted"},{"unicode":"f093","className":"fa-upload"},{"unicode":"f287","className":"fa-usb"},{"unicode":"f155","className":"fa-usd"},{"unicode":"f007","className":"fa-user"},{"unicode":"f0f0","className":"fa-user-md"},{"unicode":"f234","className":"fa-user-plus"},{"unicode":"f21b","className":"fa-user-secret"},{"unicode":"f235","className":"fa-user-times"},{"unicode":"f0c0","className":"fa-users"},{"unicode":"f221","className":"fa-venus"},{"unicode":"f226","className":"fa-venus-double"},{"unicode":"f228","className":"fa-venus-mars"},{"unicode":"f237","className":"fa-viacoin"},{"unicode":"f03d","className":"fa-video-camera"},{"unicode":"f27d","className":"fa-vimeo"},{"unicode":"f194","className":"fa-vimeo-square"},{"unicode":"f1ca","className":"fa-vine"},{"unicode":"f189","className":"fa-vk"},{"unicode":"f027","className":"fa-volume-down"},{"unicode":"f026","className":"fa-volume-off"},{"unicode":"f028","className":"fa-volume-up"},{"unicode":"f071","className":"fa-warning"},{"unicode":"f1d7","className":"fa-wechat"},{"unicode":"f18a","className":"fa-weibo"},{"unicode":"f1d7","className":"fa-weixin"},{"unicode":"f232","className":"fa-whatsapp"},{"unicode":"f193","className":"fa-wheelchair"},{"unicode":"f1eb","className":"fa-wifi"},{"unicode":"f266","className":"fa-wikipedia-w"},{"unicode":"f17a","className":"fa-windows"},{"unicode":"f159","className":"fa-won"},{"unicode":"f19a","className":"fa-wordpress"},{"unicode":"f0ad","className":"fa-wrench"},{"unicode":"f168","className":"fa-xing"},{"unicode":"f169","className":"fa-xing-square"},{"unicode":"f23b","className":"fa-y-combinator"},{"unicode":"f1d4","className":"fa-y-combinator-square"},{"unicode":"f19e","className":"fa-yahoo"},{"unicode":"f23b","className":"fa-yc"},{"unicode":"f1d4","className":"fa-yc-square"},{"unicode":"f1e9","className":"fa-yelp"},{"unicode":"f157","className":"fa-yen"},{"unicode":"f167","className":"fa-youtube"},{"unicode":"f16a","className":"fa-youtube-play"},{"unicode":"f166","className":"fa-youtube-square"}]}
