{
  "IcoMoonType": "selection",
  "icons": [
    {
      "icon": {
        "paths": [
          "M864 0c88.364 0 160 71.634 160 160 0 36.020-11.91 69.258-32 96l-64 64-224-224 64-64c26.742-20.090 59.978-32 96-32zM64 736l-64 288 288-64 592-592-224-224-592 592zM715.578 363.578l-448 448-55.156-55.156 448-448 55.156 55.156z"
        ],
        "attrs": [
          {}
        ],
        "isMulticolor": false,
        "isMulticolor2": false,
        "tags": [
          "pencil",
          "write",
          "edit"
        ],
        "grid": 16
      },
      "attrs": [
        {}
      ],
      "properties": {
        "order": 1,
        "id": 0,
        "prevSize": 32,
        "code": 59648,
        "name": "pencil"
      },
      "setIdx": 0,
      "setId": 1,
      "iconIdx": 0
    },
    {
      "icon": {
        "paths": [
          "M920.571 475.429c0 19.429-8 38.286-21.143 51.429l-372 372.571c-13.714 13.143-32.571 21.143-52 21.143s-38.286-8-51.429-21.143l-372-372.571c-13.714-13.143-21.714-32-21.714-51.429s8-38.286 21.714-52l42.286-42.857c13.714-13.143 32.571-21.143 52-21.143s38.286 8 51.429 21.143l168 168v-402.286c0-40 33.143-73.143 73.143-73.143h73.143c40 0 73.143 33.143 73.143 73.143v402.286l168-168c13.143-13.143 32-21.143 51.429-21.143s38.286 8 52 21.143l42.857 42.857c13.143 13.714 21.143 32.571 21.143 52z"
        ],
        "width": 951,
        "attrs": [
          {}
        ],
        "isMulticolor": false,
        "isMulticolor2": false,
        "tags": [
          "arrow-down"
        ],
        "grid": 14
      },
      "attrs": [
        {}
      ],
      "properties": {
        "order": 2,
        "id": 0,
        "prevSize": 28,
        "code": 59649,
        "name": "arrow-down"
      },
      "setIdx": 1,
      "setId": 0,
      "iconIdx": 0
    },
    {
      "icon": {
        "paths": [
          "M920.571 554.857c0 19.429-8 37.714-21.143 51.429l-42.857 42.857c-13.714 13.714-32.571 21.714-52 21.714s-38.286-8-51.429-21.714l-168-167.429v402.286c0 41.143-34.286 66.857-73.143 66.857h-73.143c-38.857 0-73.143-25.714-73.143-66.857v-402.286l-168 167.429c-13.143 13.714-32 21.714-51.429 21.714s-38.286-8-51.429-21.714l-42.857-42.857c-13.714-13.714-21.714-32-21.714-51.429s8-38.286 21.714-52l372-372c13.143-13.714 32-21.143 51.429-21.143s38.286 7.429 52 21.143l372 372c13.143 13.714 21.143 32.571 21.143 52z"
        ],
        "width": 951,
        "attrs": [
          {}
        ],
        "isMulticolor": false,
        "isMulticolor2": false,
        "tags": [
          "arrow-up"
        ],
        "grid": 14
      },
      "attrs": [
        {}
      ],
      "properties": {
        "order": 2,
        "id": 1,
        "prevSize": 28,
        "code": 59650,
        "name": "arrow-up"
      },
      "setIdx": 1,
      "setId": 0,
      "iconIdx": 1
    },
    {
      "icon": {
        "paths": [
          "M954.857 323.429q0 22.857-16 38.857l-491.429 491.429q-16 16-38.857 16t-38.857-16l-284.571-284.571q-16-16-16-38.857t16-38.857l77.714-77.714q16-16 38.857-16t38.857 16l168 168.571 374.857-375.429q16-16 38.857-16t38.857 16l77.714 77.714q16 16 16 38.857z"
        ],
        "width": 1024,
        "attrs": [],
        "isMulticolor": false,
        "isMulticolor2": false,
        "tags": [
          "check"
        ],
        "defaultCode": 61452,
        "grid": 14
      },
      "attrs": [],
      "properties": {
        "name": "check",
        "id": 2,
        "order": 2,
        "prevSize": 28,
        "code": 61452
      },
      "setIdx": 1,
      "setId": 0,
      "iconIdx": 2
    }
  ],
  "height": 1024,
  "metadata": {
    "name": "icomoon"
  },
  "preferences": {
    "showGlyphs": true,
    "showCodes": true,
    "showQuickUse": true,
    "showQuickUse2": true,
    "showSVGs": true,
    "fontPref": {
      "prefix": "zf-icon-",
      "metadata": {
        "fontFamily": "icomoon",
        "majorVersion": 1,
        "minorVersion": 0
      },
      "metrics": {
        "emSize": 1024,
        "baseline": 6.25,
        "whitespace": 50
      },
      "embed": false,
      "noie8": true,
      "ie7": false,
      "showSelector": false,
      "selector": "class",
      "classSelector": ".zf-icon",
      "showMetrics": false,
      "showMetadata": false,
      "showVersion": false
    },
    "imagePref": {
      "prefix": "icon-",
      "png": true,
      "useClassSelector": true,
      "color": 0,
      "bgColor": 16777215
    },
    "historySize": 50
  }
}